schema_version,1
runner_id,pagelet-macmini-m2pro
os,macos
arch,aarch64
rust_toolchain,rustc 1.95.0 (59807616e 2026-04-14)
profile,full
fixture_id,small-novel
fixture_sha256,04fdf3205be27282062bf338b631e9fb2f6c3ddf3c73469112a62a0fac032d29
samples,30
reason,EPUBCheck-compliant deterministic fixture encoding
metric,unit,direction,policy,minimum_effect,p50,p95
allocated_bytes,bytes,lower,block,16384,1817840,1817840
anchor_to_page,ns,lower,block,5,14,23
chapter_cache_hits,count,higher,observe,1,1,1
chapter_cache_misses,count,lower,observe,1,1,1
chapter_to_ir,ns,lower,block,10000,512875,833000
first_page_ready,ns,lower,block,10000,54709,85708
full_chapter_paginate,ns,lower,block,10000,337000,534625
height_only_repack,ns,lower,block,10000,389333,612208
open_to_metadata,ns,lower,block,10000,73541,124000
open_to_navigation,ns,lower,block,10000,67708,112166
page_batch_ready,ns,lower,block,10000,160167,233000
peak_rss_bytes,bytes,lower,block,262144,8224768,8224768
wire_bytes,bytes,lower,block,256,108885,108885
